1;3H1-15100-00-00;—;Show;;
;Crankcase Assembly;;;;
;replacement;;;;
;999-99033-80-00;—;Show;;
;Crankcase Assy;;;;
2;995-10120-16-00;—;Show;;
;Pin, Dowel;;;;
;replacement;;;;
;99530-12016-00;from US $1.42;Show;;
;Pin, Dowel;;;;
3;583-15371-00-00;from US $1.36;Show;;
;Breather;;;;
4;913-11060-35-00;—;Show;;
;Bolt, Hexagon Socket Head;;;;
;replacement;;;;
;91314-06035-00;from US $1.36;Show;;
;Bolt, Hexagon Socket Head;;;;
5;91311-06045-00;from US $1.42;Show;;
;Bolt, Hexagon Socket Head;;;;
;replacement;;;;
;91314-06045-00;from US $1.42;Show;;
;Bolt, Hexagon Socket Head;;;;
6;91311-06065-00;from US $1.42;Show;;
;Bolt, Hexagon Socket Head;;;;
;replacement;;;;
;91314-06065-00;from US $1.42;Show;;
;Bolt;;;;
7;91311-06055-00;from US $1.42;Show;;
;Bolt, Hexagon Socket Head;;;;
;replacement;;;;
;91314-06055-00;from US $1.42;Show;;
;Bolt, Hexagon Socket Head;;;;
8;90430-09121-00;from US $1.70;Show;;
;Gasket;;;;
9;90465-08277-00;from US $4.11;Show;;
;Clamp(51Y);;;;
10;363-15381-00-00;US $11.76;Show;;
;Plate, Brng Cover;;;;
11;98701-05012-00;from US $1.26;Show;;
;Screw, Countersunk;;;;
;replacement;;;;
;98707-05012-00;from US $1.36;Show;;
;Screw, Countersunk;;;;
12;90445-07039-00;from US $10.91;Show;;
;Hose (L310);;;;
;replacement;;;;
;904-45072-G8-00;from US $10.91;Show;;
;Hose (L310);;;;
13;90465-05132-00;US $5.39;Show;;
;Clamp;;;;
;replacement;;;;
;90465-10021-00;from US $4.21;Show;;
;Clamp;;;;
14;985-80060-12-00;—;Show;;
;Screw, Pan Head;;;;
;replacement;;;;
;97885-06012-00;from US $1.56;Show;;
;Screw, Pan Head;;;;
15;583-15383-00-00;from US $6.08;Show;;
;Plate, Brng Cover;;;;
16;98701-06014-00;from US $2.27;Show;;
;Screw Flat Head;;;;
;replacements;;;;
;98707-06014-00;from US $2.27;Show;;
;Screw, Flat;;;;
;98707-06016-00;from US $1.36;Show;;
;Screw, Flat Head;;;;
17;583-15426-00-00;from US $18.42;Show;;
;Cover, Oil Pump R;;;;
;replacement;;;;
;583-15426-10-00;from US $11.65;Show;;
;Cover, Oil Pump 2;;;;
18;583-15466-00-00;from US $4.11;Show;;
;Gasket 2;;;;
;replacement;;;;
;3HT-15466-00-00;from US $4.11;Show;;
;Gasket 2;;;;
19;98580-06018-00;US $3.26;Show;;
;Screw, Pan Head (N151);;;;
;replacement;;;;
;97880-06018-00;from US $3.26;Show;;
;Screw, Pan Head;;;;
;;;;;
