;;;;;
;Description;Price;;;
1;2J2-21510-00-93;from US $394.20;Show;;
;Fender, Front;;;;
2;973-13080-20-00;Ś;Show;;
;Bolt (661);;;;
;661;;;;
;replacements;;;;
;97080-08020-00;from US $4.05;Show;;
;Bolt(6Td);;;;
;661;;;;
;97013-08020-00;from US $1.64;Show;;
;Bolt;;;;
;661;;;;
3;92990-08100-00;from US $1.36;Show;;
;Ybs67-8 Washer, Spring;;;;
4;1A0-21518-00-00;from US $2.70;Show;;
;Holder, Cable;;;;
5;2J2-21610-00-93;from US $298.60;Show;;
;Rear Fender Comp;;;;
;replacement;;;;
;999-99035-57-00;from US $255.59;Show;;
;Rear Fender Comp;;;;
6;168-21639-00-00;from US $9.49;Show;;
;Damper 2;;;;
7;903-87082-58-00;from US $3.40;Show;;
;Collar;;;;
8;97313-08035-00;from US $3.01;Show;;
;Bolt;;;;
;replacement;;;;
;97013-08035-00;from US $4.53;Show;;
;Bolt;;;;
9;953-33086-00-00;from US $1.39;Show;;
;Nut;;;;
;replacement;;;;
;997-80086-00-00;from US $1.81;Show;;
;Nut, Hex;;;;
10;92990-08100-00;from US $1.36;Show;;
;Ybs67-8 Washer, Spring;;;;
11;90201-085E6-00;from US $4.39;Show;;
;Washer Plate;;;;
12;2J2-21629-01-00;from US $57.89;Show;;
;Guard, Mud;;;;
13;90201-06067-00;from US $1.28;Show;;
;Washer, Plate;;;;
;replacement;;;;
;90201-06380-00;from US $0.86;Show;;
;Washer Plain;;;;
14;973-13060-16-00;Ś;Show;;
;Bolt, Hexagon;;;;
;replacements;;;;
;97095-06016-00;US $1.39;Show;;
;Bolt;;;;
;97D95-06016-00;from US $1.39;Show;;
;Bolt, Hexagon Deep Recess;;;;
15;929-95061-00-00;from US $0.97;Show;;
;Washer, Spring;;;;
16;90464-08020-00;from US $1.98;Show;;
;Clamp;;;;
17;2MG-21639-00-00;from US $6.52;Show;;
;Damper 2;;;;
;;;;;
