;Description;Price;;;
1;1J7-26111-00-00;from US $133.74;Show;;
;Handlebar;;;;
;Handle alternate parts (up handle);;;;
2;2H7-26241-00-00;from US $11.33;Show;;
;Grip Lh;;;;
;LH;;;;
;replacement;;;;
;2H7-26241-01-00;from US $11.33;Show;;
;LH;;;;
3;2J2-26240-00-00;from US $17.96;Show;;
;Grip Assembly Rh;;;;
;RH;;;;
;replacement;;;;
;2J2-26240-01-00;from US $19.13;Show;;
;RH;;;;
4;2J2-26311-10-00;—;Show;;
;Cable, Throttle 1;;;;
5;2J2-26312-10-00;US $42.48;Show;;
;Cable, Throttle 2;;;;
6;2J2-26335-01-00;—;Show;;
;Cable, clutch;;;;
7;1E6-26342-00-00;from US $15.68;Show;;
;Boot, Cable;;;;
8;341-26397-01-00;—;Show;;
;Band;;;;
;replacements;;;;
;437-83936-01-00;from US $1.81;Show;;
;Band, Switch Cord;;;;
;437-83936-11-00;from US $1.56;Show;;
;Band, Switch Cord;;;;
9;1E6-26372-00-00;from US $14.29;Show;;
;Cover, Handle Lever 1;;;;
10;901-23080-46-00;from US $3.74;Show;;
;Bolt;;;;
;replacement;;;;
;901-23080-02-00;from US $3.74;Show;;
;Bolt;;;;
11;901-79081-48-00;—;Show;;
;Nut;;;;
;replacement;;;;
;901-79080-30-00;from US $6.94;Show;;
;Nut;;;;
12;2J2-26331-01-00;—;Show;;
;Cable, Starter 1;;;;
13;2G2-26290-10-00;from US $39.04;Show;;
;Mirror Assembly Lh;;;;
;LH;;;;
14;437-83936-01-00;from US $1.81;Show;;
;Band, Switch Cord;;;;
;;;;;
