1;2J2-15411-00-00;—;Show;;
;Cover, Crankcase L;;;;
2;3HT-15451-00-00;from US $19.27;Show;;
;Gasket, Crcs Cover;;;;
3;91311-06025-00;US $1.56;Show;;
;Bolt, Hexagon Socket Head;;;;
;replacement;;;;
;91314-06025-00;from US $1.66;Show;;
;Bolt, Hexagon Socket Head;;;;
4;913-11060-35-00;—;Show;;
;Bolt, Hexagon Socket Head;;;;
;replacement;;;;
;91314-06035-00;from US $1.36;Show;;
;Bolt, Hexagon Socket Head;;;;
5;3GW-15421-00-00;from US $122.92;Show;;
;Cover, Crankcase R;;;;
6;913-11060-35-00;—;Show;;
;Bolt, Hexagon Socket Head;;;;
;replacement;;;;
;91314-06035-00;from US $1.36;Show;;
;Bolt, Hexagon Socket Head;;;;
7;2J2-W1542-00-00;from US $510.36;Show;;
;Cover, Crankcase 3 (2J2-15431-0);;;;
;2J2-15431-0;;;;
8;93101-14089-00;from US $8.88;Show;;
;Oil Seal;;;;
9;99009-25500-00;from US $1.56;Show;;
;Circlip;;;;
10;3HT-15462-00-00;from US $21.46;Show;;
;Gasket,crcs Cvr 3;;;;
;replacements;;;;
;3HT-15462-01-00;from US $26.64;Show;;
;Gasket, Crankcase Cover 3;;;;
;3HT-15462-R1-00;from US $21.89;Show;;
;Gasket, Crankcase Cover 3;;;;
11;91311-06030-00;from US $1.42;Show;;
;Bolt, Hexagon Socket Head;;;;
;replacement;;;;
;91314-06030-00;from US $1.42;Show;;
;Bolt, Hexagon Socket Head;;;;
12;913-11060-40-00;—;Show;;
;Bolt, Hexagon Socket Head;;;;
;replacement;;;;
;91314-06040-00;from US $1.52;Show;;
;Bolt, Hexagon Socket Head;;;;
13;995-10120-16-00;—;Show;;
;Pin, Dowel;;;;
;replacement;;;;
;99530-12016-00;from US $1.42;Show;;
;Pin, Dowel;;;;
;;;;;
