1;583-13565-01-00;from US $112.19;Show;;
;Joint, Carburetor;;;;
2;256-13564-00-00;from US $17.21;Show;;
;Cover, Carb.joint;;;;
3;583-13556-01-00;from US $5.58;Show;;
;Gasket, Manifold;;;;
;replacement;;;;
;3HT-13556-00-00;from US $8.93;Show;;
;Gasket, Manifold;;;;
4;913-16060-25-00;—;Show;;
;Bolt;;;;
;replacement;;;;
;913-17060-25-00;from US $1.18;Show;;
;Bolt;;;;
5;90460-58015-00;from US $4.53;Show;;
;Hose Clamp Assy;;;;
;replacement;;;;
;90450-58002-00;from US $4.53;Show;;
;Hose Clamp Assy;;;;
6;2J2-14401-00-00;—;Show;;
;Air Clnr Case Assembly;;;;
7;2J2-14422-00-00;—;Show;;
;Cap, Cleaner Case 2;;;;
8;98580-05012-00;from US $2.13;Show;;
;Screw, Pan Head;;;;
9;92990-05100-00;from US $1.21;Show;;
;Washer, Spring;;;;
10;929-01056-00-00;—;Show;;
;Washer;;;;
;replacements;;;;
;92990-05600-00;from US $1.07;Show;;
;Washer, Plate;;;;
;92907-05600-00;from US $1.02;Show;;
;Washer, Plate;;;;
11;2J2-14451-00-00;from US $25.70;Show;;
;Element, Air Clnr;;;;
;replacement;;;;
;2J2-14451-01-00;US $24.34;Show;;
12;2J2-14468-00-00;—;Show;;
;Plate, Element Ftng;;;;
13;2J2-14437-00-00;—;Show;;
;Duct;;;;
14;90480-14023-00;from US $1.66;Show;;
;Grommet 839774310000;;;;
15;903-87073-91-00;from US $2.08;Show;;
;Collar;;;;
16;970-11060-25-00;—;Show;;
;Bolt;;;;
;replacement;;;;
;970-17060-25-00;from US $1.52;Show;;
;Bolt;;;;
17;929-95061-00-00;from US $0.97;Show;;
;Washer, Spring;;;;
18;3H1-14453-00-00;—;Show;;
;Joint, Air Clnr 1;;;;
;replacement;;;;
;999-99999-99-00;—;Show;;
;Not Available;;;;
19;90460-61162-00;from US $8.22;Show;;
;Hose Clamp Assy;;;;
;replacements;;;;
;90450-59009-00;from US $8.22;Show;;
;Hose Clamp Assy;;;;
;90450-62006-00;from US $8.22;Show;;
;Hose Clamp Assy;;;;
20;2J2-14463-00-00;—;Show;;
;Joint, Air Clnr 2;;;;
;replacement;;;;
;999-99999-99-00;—;Show;;
;Not Available;;;;
21;90460-22083-00;from US $5.24;Show;;
;Clamp, Hose;;;;
;;;;;
